price_rub,months,ytm_annual_pct,total_income,figi,ticker,name,issuer_name,lot,price_pct,for_qual,junk_score
1077.4,23.0,21.85,451.83,TCS00A10B6K8,RU000A10B6K8,ТЕХНОЛОГИЯ БО-02,ТЕХНОЛОГИЯ БО-02,1,107.74,,27.31
987.8,17.6,23.85,345.02,TCS00A10D1J9,RU000A10D1J9,ЭЛЕКТРОРЕШЕНИЯ 001Р-02,ЭЛЕКТРОРЕШЕНИЯ 001Р-02,1,98.78,,29.81
1013.5,17.2,23.03,334.26,TCS20A109NM3,RU000A109NM3,РЕГИОНСПЕЦТРАНС-01,РЕГИОНСПЕЦТРАНС-01,1,101.35,,28.79
1012.0,21.3,21.45,385.76,TCS00A10E6D0,RU000A10E6D0,ВУШ 001P-05,ВУШ 001P-05,1,101.2,,26.81
790.21,22.0,21.89,316.79,TCS70A108Y11,RU000A108Y11,Домодедово Фьюэл Фасилитис ЗО28,Домодедово Фьюэл Фасилитис ЗО28,1,79.021,,47.36
992.0,23.1,28.1,536.56,TCS00A10B354,RU000A10B354,Эффективные технологии 001P-02,Эффективные технологии 001P-02,1,99.2,,35.12
584.5,7.4,35.57,128.09,TCS80A107C34,RU000A107C34,АйДи Коллект выпуск 6,АйДи Коллект выпуск 6,1,87.5,,64.46
888.8,21.5,27.0,430.32,BBG01HQHKMJ4,RU000A106MV2,МГКЛ выпуск 4,МГКЛ выпуск 4,1,88.88,,53.75
1092.0,22.8,22.41,465.75,TCS00A10B4L1,RU000A10B4L1,Девар Петро 001Р-01,Девар Петро 001Р-01,1,109.2,,28.01
1000.0,22.0,27.27,500.94,RU000A10AYU6,RU000A10AYU6,МФК Мани Мен обб01,МФК Мани Мен обб01,1,100.0,,34.09
95.0,18.8,913.29,1358.74,TCS97A10A0H8,RU000A10A0H8,ВЕРАТЕК-01,ВЕРАТЕК-01,1,9.5,,70.0
1070.0,20.7,25.16,465.08,TCS00A10AMY3,RU000A10AMY3,ЛКХ-01,ЛКХ-01,1,107.0,,31.45
621.6,19.3,29.23,291.99,TCS00A105H98,RU000A105H98,Эфферон выпуск 1,Эфферон выпуск 1,1,82.88,,56.54
919.7,11.9,28.91,263.56,TCS99A108B83,RU000A108B83,Ойл Ресурс Групп БО-01,Ойл Ресурс Групп БО-01,1,91.97,,66.14
1049.1,14.0,20.73,253.0,TCS00A10BTT6,RU000A10BTT6,Универсальная лизинговая компания 001P-01,Универсальная лизинговая компания 001P-01,1,104.91,,55.91
1090.1,22.0,20.52,410.84,TCS00A10AYU6,RU000A10AYU6,МФК Мани Мен обб01,МФК Мани Мен обб01,1,109.01,,25.65
581.46,6.7,20.4,65.91,TCS99A107795,RU000A107795,МФК Лайм-Займ 001Р-03,МФК Лайм-Займ 001Р-03,1,96.91,,25.5
958.3,7.1,20.41,115.68,TCS99A1079G1,RU000A1079G1,Мани Капитал 001P-02,Мани Капитал 001P-02,1,95.83,,25.51
1050.8,22.8,22.07,440.71,TCS00A10B461,RU000A10B461,Новосибирскавтодор БО-03,Новосибирскавтодор БО-03,1,105.08,,27.59
934.0,7.5,31.85,185.67,TCS99A1079H9,RU000A1079H9,Роял Капитал БО-П10,Роял Капитал БО-П10,1,93.4,,39.81
899.6,17.1,20.32,261.2,BBG00XJF7FL9,RU000A102556,СЭЗ им. Серго Орджоникидзе выпуск 2,СЭЗ им. Серго Орджоникидзе выпуск 2,1,89.96,,45.4
1003.9,13.0,20.46,222.72,BBG00GSG5RB1,RU000A0JXRD5,Почта России выпуск 2,Почта России выпуск 2,1,100.39,,55.58
1020.9,15.4,22.1,290.35,TCS00A10E6J7,RU000A10E6J7,Страна Девелопмент 002Р-02,Страна Девелопмент 002Р-02,1,102.09,,27.62
1088.2,23.5,23.37,497.84,TCS00A10BB83,RU000A10BB83,Роял Капитал БО-02,Роял Капитал БО-02,1,108.82,,29.21
47.4,15.1,2140.91,1278.04,TCS10A10C5Z7,RU000A10C5Z7,Монополия 001Р-06,Монополия 001Р-06,1,4.74,,70.0
139.5,19.8,549.07,1262.43,TCS90A10ADH7,RU000A10ADH7,Нафтатранс Плюс БО-06,Нафтатранс Плюс БО-06,1,13.95,,70.0
1027.7,18.8,20.0,321.34,TCS00A105DL4,RU000A105DL4,Новые технологии,Новые технологии,1,102.77,,25.0
34.5,15.6,2156.48,965.5,TCS90A1094L0,RU000A1094L0,ФИНАНСОВЫЕ СИСТЕМЫ БО-П01,ФИНАНСОВЫЕ СИСТЕМЫ БО-П01,1,3.45,,70.0
673.4,14.4,40.36,326.7,TCS99A108U49,RU000A108U49,Урожай БО-05,Урожай БО-05,1,67.34,,100.0
992.5,15.1,20.27,253.4,TCS99A107PW1,RU000A107PW1,МФК Быстроденьги 002P-05,МФК Быстроденьги 002P-05,1,99.25,,25.34
1008.0,6.0,21.27,106.81,TCS00A1070L0,RU000A1070L0,ЯТЭК 001Р-03,ЯТЭК 001Р-03,1,100.8,,26.59
28.74,14.8,1908.51,677.18,TCS19A106LS0,RU000A106LS0,Глобал Факторинг Нетворк Рус выпуск 3,Глобал Факторинг Нетворк Рус выпуск 3,1,4.49,,100.0
47.1,15.8,2050.03,1274.2,TCS89A10CFH8,RU000A10CFH8,МОНОПОЛИЯ 001P-07,МОНОПОЛИЯ 001P-07,1,4.71,,70.0
1065.0,13.3,21.29,251.4,TCS00A10BQ03,RU000A10BQ03,Спектр БО-02,Спектр БО-02,1,106.5,,56.61
793.6,16.8,47.65,530.1,TCS20A109KG1,RU000A109KG1,Нэппи Клаб БО-01,Нэппи Клаб БО-01,1,79.36,,70.0
565.14,9.6,22.54,102.17,TCS00A105SZ2,RU000A105SZ2,СибАвтоТранс выпуск 1,СибАвтоТранс выпуск 1,1,94.19,,58.17
914.8,8.3,31.28,197.4,BBG01KTV3B51,RU000A107G22,ЗАС Корпсан БО-П01,ЗАС Корпсан БО-П01,1,91.48,,39.1
1073.0,22.3,21.93,437.37,TCS00A10B081,RU000A10B081,ЭкономЛизинг 001P-08,ЭкономЛизинг 001P-08,1,107.3,,27.41
1033.3,19.7,22.31,378.06,TCS00A10A7A8,RU000A10A7A8,ВЗВТ-01,ВЗВТ-01,1,103.33,,27.89
920.0,15.4,21.06,248.3,TCS00A1065Y3,RU000A1065Y3,Агротек БО-02,Агротек БО-02,1,92.0,,26.32
49.3,8.4,3297.29,1139.34,TCS10A10BWL7,RU000A10BWL7,Монополия 001Р-05,Монополия 001Р-05,1,4.93,,70.0
667.76,12.0,21.32,141.88,TCS00A1089L0,RU000A1089L0,"Агентство Судебного Взыскания, БО-02-001P","Агентство Судебного Взыскания, БО-02-001P",1,98.2,,56.65
976.5,10.8,25.02,220.78,TCS99A1082M3,RU000A1082M3,Рекорд трейд БО-01,Рекорд трейд БО-01,1,97.65,,61.27
866.1,21.5,28.25,438.06,BBG01L9X56G4,RU000A107P62,Сибирский КХП 001P-02,Сибирский КХП 001P-02,1,86.61,,55.31
996.3,16.3,24.55,332.14,TCS00A10ECY6,RU000A10ECY6,ЭЛЕКТРОРЕШЕНИЯ 001Р-03,ЭЛЕКТРОРЕШЕНИЯ 001Р-03,1,99.63,,30.69
966.8,9.6,22.44,172.82,TCS00A105054,RU000A105054,ММЦБ выпуск 2,ММЦБ выпуск 2,1,96.68,,58.05
941.2,8.2,26.54,171.0,BBG01KT3CC24,RU000A107F07,Унител БО-П01,Унител БО-П01,1,94.12,,33.17
1000.0,6.8,26.4,149.6,TCS80A105DS9,RU000A105DS9,АПРИ Флай Плэнинг,АПРИ Флай Плэнинг,1,100.0,,33.0
1001.5,6.5,20.92,113.58,TCS00A10C8K3,RU000A10C8K3,ВОКСИС-04,ВОКСИС-04,1,100.15,,26.15
831.1,22.2,33.72,518.73,TCS00A10CLX3,RU000A10CLX3,Уральская Сталь БО 001Р-05,Уральская Сталь БО 001Р-05,1,83.11,,62.15
1000.0,7.7,25.77,164.4,TCS20A10AA10,RU000A10AA10,ПСБ Лизинг оббП01,ПСБ Лизинг оббП01,1,100.0,,32.21
993.0,9.5,22.86,179.6,TCS01A107RZ0,RU000A107RZ0,ГК Самолет БО-П13,ГК Самолет БО-П13,1,99.3,,58.58
966.8,7.3,25.9,152.87,TCS00A1078Y6,RU000A1078Y6,ЭкономЛизинг 001Р-06,ЭкономЛизинг 001Р-06,1,96.68,,32.38
1058.8,10.3,20.05,183.04,TCS00A10AYF7,RU000A10AYF7,"Новые Технологии, 001Р-04","Новые Технологии, 001Р-04",1,105.88,,55.06
849.2,13.2,42.7,400.1,TCS00A108FS8,RU000A108FS8,Антерра БО-02,Антерра БО-02,1,84.92,,100.0
935.4,14.5,23.38,264.05,TCS00A106FW4,RU000A106FW4,МГКЛ выпуск 3,МГКЛ выпуск 3,1,93.54,,59.23
25.16,16.0,2191.93,735.32,TCS10A106TJ2,RU000A106TJ2,AzurDrive выпуск 1,AzurDrive выпуск 1,1,3.7,,70.0
947.2,10.2,26.33,212.36,BBG01LLS9GH4,RU000A107SX3,ЭкономЛизинг 001P-07,ЭкономЛизинг 001P-07,1,94.72,,62.91
108.19,16.0,452.19,652.29,TCS98A106TJ2,RU000A106TJ2,AzurDrive выпуск 1,AzurDrive выпуск 1,1,15.91,,70.0
68.11,13.5,912.55,697.69,TCS89A106DJ6,RU000A106DJ6,Мосрегионлифт БО-02,Мосрегионлифт БО-02,1,9.73,,100.0
950.3,5.9,28.88,136.01,TCS99A1074F4,RU000A1074F4,Мани Капитал 001P-01,Мани Капитал 001P-01,1,95.03,,36.1
1039.1,23.2,26.0,522.98,TCS00A10B7S9,RU000A10B7S9,Служба защиты активов обб02,Служба защиты активов обб02,1,103.91,,32.5
1000.0,17.6,21.07,309.23,TCS30A107209,RU000A107209,Сибстекло БО-П04,Сибстекло БО-П04,1,100.0,,26.34
88.6,19.6,21.65,31.35,TCS50A10BS68,RU000A10BS68,Уральская Сталь БО-001Р-04,Уральская Сталь БО-001Р-04,1,88.6,,47.06
1009.6,18.4,20.57,318.34,TCS00A10DCE0,RU000A10DCE0,МКАО Воксис 001Р-01,МКАО Воксис 001Р-01,1,100.96,,25.71
990.0,22.0,28.09,510.94,TCS10A10AYU6,RU000A10AYU6,МФК Мани Мен обб01,МФК Мани Мен обб01,1,99.0,,35.11
979.3,7.3,22.01,131.6,TCS00A107BH2,RU000A107BH2,ИЛС БО-01-001P,ИЛС БО-01-001P,1,97.93,,27.51
200.34,13.5,251.44,565.46,TCS97A106DJ6,RU000A106DJ6,Мосрегионлифт БО-02,Мосрегионлифт БО-02,1,28.62,,100.0
1000.0,9.5,21.81,172.6,TCS02A107RZ0,RU000A107RZ0,ГК Самолет БО-П13,ГК Самолет БО-П13,1,100.0,,57.26
831.9,19.1,39.15,517.12,TCS99A108FE8,RU000A108FE8,Урожай БО-04,Урожай БО-04,1,83.19,,68.94
19.04,19.4,2543.53,780.96,TCS19A107CJ6,RU000A107CJ6,Глобал Факторинг Нетворк Рус БО-04-001P,Глобал Факторинг Нетворк Рус БО-04-001P,1,2.38,,70.0
960.0,6.1,25.01,122.26,BBG01338VXJ4,RU000A103WB0,Славянск ЭКО выпуск 1,Славянск ЭКО выпуск 1,1,96.0,,31.26
1000.0,12.1,23.17,233.48,TCS10A109VK0,RU000A109VK0,ВСЕИНСТРУМЕНТЫ.РУ 001P-03,ВСЕИНСТРУМЕНТЫ.РУ 001P-03,1,100.0,,58.96
1000.0,6.7,34.99,194.46,TCS10A0JWYJ0,RU000A0JWYJ0,Самолет 01,Самолет 01,1,100.0,,43.74
972.5,8.2,25.58,169.61,TCS00A107EP9,RU000A107EP9,Смартфакт БО-02-001P,Смартфакт БО-02-001P,1,97.25,,31.97
921.6,14.0,24.56,263.35,TCS00A104XE0,RU000A104XE0,Лизинг-Трейд выпуск 4,Лизинг-Трейд выпуск 4,1,92.16,,60.7
920.8,15.7,26.43,319.2,TCS00A10CCG7,RU000A10CCG7,Делимобиль 001P-07,Делимобиль 001P-07,1,92.08,,33.04
1035.0,15.0,20.07,260.44,TCS00A10C2E9,RU000A10C2E9,Аэрофьюэлз 002Р-05,Аэрофьюэлз 002Р-05,1,103.5,,55.09
1000.0,18.8,22.33,349.04,TCS10A105DL4,RU000A105DL4,Новые технологии,Новые технологии,1,100.0,,27.91
999.5,19.1,20.75,329.3,TCS00A10DA74,RU000A10DA74,Эталон Финанс 002P-04,Эталон Финанс 002P-04,1,99.95,,25.94
1000.4,13.9,23.85,276.95,TCS99A107GU4,RU000A107GU4,МФК Быстроденьги 002P-04,МФК Быстроденьги 002P-04,1,100.04,,59.81
1036.4,9.4,21.85,177.3,TCS00A10ASE2,RU000A10ASE2,РОЛЬФ БО 001Р-07,РОЛЬФ БО 001Р-07,1,103.64,,57.31
44.9,17.5,1454.96,955.1,TCS10A109S83,RU000A109S83,МОНОПОЛИЯ оббП01,МОНОПОЛИЯ оббП01,1,4.49,,70.0
1075.2,23.0,23.66,486.88,TCS00A10B5A1,RU000A10B5A1,БИАНКА ПРЕМИУМ БО-02,БИАНКА ПРЕМИУМ БО-02,1,107.52,,29.58
1000.1,16.3,25.27,343.94,TCS00A1099W6,RU000A1099W6,Простая еда 001P-01,Простая еда 001P-01,1,100.01,,31.59
983.6,21.5,25.03,441.44,TCS00A10CB66,RU000A10CB66,Сегежа Групп 003P-06R,Сегежа Групп 003P-06R,1,98.36,,31.29
854.5,16.3,29.09,336.92,TCS00A106UW3,RU000A106UW3,Делимобиль 1Р-03,Делимобиль 1Р-03,1,85.45,,56.36
1086.0,23.2,22.18,466.24,TCS00A10B7N0,RU000A10B7N0,Биовитрум 001Р-01,Биовитрум 001Р-01,1,108.6,,27.73
999.9,17.6,21.08,309.33,TCS00A107209,RU000A107209,Сибстекло БО-П04,Сибстекло БО-П04,1,99.99,,26.35
929.9,10.3,22.65,181.07,TCS99A107WD7,RU000A107WD7,Мани Капитал 001P-03,Мани Капитал 001P-03,1,92.99,,58.31
989.7,6.2,23.24,119.64,BBG01K2753C1,RU000A1075R6,Регион-Продукт 001P-04,Регион-Продукт 001P-04,1,98.97,,29.05
575.0,20.9,45.68,456.65,TCS00A1092T7,RU000A1092T7,Омега БО-01,Омега БО-01,1,57.5,,70.0
1049.7,12.1,22.82,241.99,BBG00GH12JY2,RU000A0JXPN8,Ростелеком выпуск 2,Ростелеком выпуск 2,1,104.97,,58.52
881.0,11.7,42.12,360.68,TCS00A10BB75,RU000A10BB75,ЕвроТранс БО-001Р-07,ЕвроТранс БО-001Р-07,1,88.1,,100.0
1037.7,6.7,29.77,171.72,BBG00F6NJY77,RU000A0JWYQ5,АФК Система выпуск 4,АФК Система выпуск 4,1,103.77,,37.21
971.4,13.1,21.25,224.94,TCS00A108FG3,RU000A108FG3,Агро-Фрегат БО-01,Агро-Фрегат БО-01,1,97.14,,56.56
940.0,18.7,23.04,337.38,TCS00A1078K5,RU000A1078K5,Ультра БО-02,Ультра БО-02,1,94.0,,28.8
678.0,22.4,29.63,375.6,TCS00A109AU3,RU000A109AU3,АгроДом БО-01,АгроДом БО-01,1,67.8,,57.04
92.83,10.3,23.73,18.94,TCS00A10CL64,RU000A10CL64,Сегежа Групп 003P-07R,Сегежа Групп 003P-07R,1,92.8349,,59.66
963.1,7.8,23.69,148.66,TCS99A107EW5,RU000A107EW5,МФК Джой Мани 001P-01,МФК Джой Мани 001P-01,1,96.31,,29.61
782.2,20.7,45.97,619.18,TCS00A108WJ2,RU000A108WJ2,Бизнес-Лэнд БО-01,Бизнес-Лэнд БО-01,1,78.22,,70.0
967.9,9.5,26.73,204.7,TCS00A107RZ0,RU000A107RZ0,ГК Самолет БО-П13,ГК Самолет БО-П13,1,96.79,,63.41
1000.0,9.5,21.81,172.6,TCS80A107RZ0,RU000A107RZ0,ГК Самолет БО-П13,ГК Самолет БО-П13,1,100.0,,57.26
602.0,17.4,25.14,219.17,TCS00A106Y70,RU000A106Y70,Альфа Дон Транс выпуск 1,Альфа Дон Транс выпуск 1,1,86.0,,51.43
669.92,20.9,28.53,332.31,BBG01L7NP818,RU000A107P47,Центр-Резерв БО-03,Центр-Резерв БО-03,1,83.74,,55.66
957.7,16.1,28.09,360.18,TCS00A1098T4,RU000A1098T4,СибСульфур БО-01-001P,СибСульфур БО-01-001P,1,95.77,,35.11
907.8,15.5,24.2,284.44,TCS00A106MW0,RU000A106MW0,ТГК-14 выпуск 2,ТГК-14 выпуск 2,1,90.78,,30.25
1000.0,13.9,23.89,277.35,TCS10A107GU4,RU000A107GU4,МФК Быстроденьги 002P-04,МФК Быстроденьги 002P-04,1,100.0,,59.86
1045.4,12.0,20.15,211.04,TCS00A10BFP3,RU000A10BFP3,МВ Финанс 001P-06,МВ Финанс 001P-06,1,104.54,,55.19
992.5,6.2,24.89,127.17,BBG01JZG9LW2,RU000A107225,Частная пивоварня Афанасий БО-01,Частная пивоварня Афанасий БО-01,1,99.25,,31.11
1018.8,7.9,20.4,136.54,TCS99A107G63,RU000A107G63,Джетленд БО-01,Джетленд БО-01,1,101.88,,25.5
927.5,14.3,29.2,321.8,TCS00A108RK0,RU000A108RK0,ТД РКС 002Р-04,ТД РКС 002Р-04,1,92.75,,66.5
394.88,8.0,22.54,58.97,TCS00A105LS2,RU000A105LS2,Реиннольц,Реиннольц,1,98.72,,28.18
969.8,8.0,20.36,132.42,TCS00A104A39,RU000A104A39,ИНК-Капитал выпуск 1,ИНК-Капитал выпуск 1,1,96.98,,25.45
1021.5,9.5,21.52,173.94,TCS00A10ASF9,RU000A10ASF9,Сибстекло БО-01,Сибстекло БО-01,1,102.15,,56.9
1002.4,19.2,32.46,521.13,TCS00A10A3Q3,RU000A10A3Q3,Антерра БО-03,Антерра БО-03,1,100.24,,40.58
1001.4,6.8,26.11,148.2,TCS10A105DS9,RU000A105DS9,АПРИ Флай Плэнинг,АПРИ Флай Плэнинг,1,100.14,,32.64
960.0,8.2,20.21,132.26,TCS00A105MP6,RU000A105MP6,Домодедово Фьюэл Фасилитис,Домодедово Фьюэл Фасилитис,1,96.0,,25.26
960.0,6.7,20.3,108.32,TCS10A1010B7,RU000A1010B7,Транснефть БО-001P-13,Транснефть БО-001P-13,1,96.0,,25.38
968.6,7.3,21.61,126.64,TCS00A104362,RU000A104362,Восточная Стивидорная Компания выпуск 2,Восточная Стивидорная Компания выпуск 2,1,96.86,,27.01
779.94,16.8,23.09,251.91,BBG012STNNH6,RU000A103TS0,ТЕХНО Лизинг выпуск 5,ТЕХНО Лизинг выпуск 5,1,86.66,,48.86
947.0,9.4,25.41,187.78,BBG01LC2XW43,RU000A107QM0,Бизнес Альянс 001Р-04,Бизнес Альянс 001Р-04,1,94.7,,61.76
1003.0,15.6,22.95,299.4,TCS00A1097X8,RU000A1097X8,Бианка Премиум БО-01,Бианка Премиум БО-01,1,100.3,,28.69
772.6,11.1,43.53,311.22,TCS00A1061K1,RU000A1061K1,ЕвроТранс БО-001P-03,ЕвроТранс БО-001P-03,1,77.26,,100.0
993.9,21.8,21.26,384.22,TCS00A10E9Z7,RU000A10E9Z7,МКАО Воксис 001Р-02,МКАО Воксис 001Р-02,1,99.39,,26.58
909.6,15.4,24.68,287.68,TCS00A1053H4,RU000A1053H4,Лизинг-Трейд 001P-05,Лизинг-Трейд 001P-05,1,90.96,,30.85
1000.0,22.0,27.27,500.94,TCS20A10AYU6,RU000A10AYU6,МФК Мани Мен обб01,МФК Мани Мен обб01,1,100.0,,34.09
